id,pub_date,question_text,delete
1,2003-08-31 17:27:51,oQnAgEpMtj,
2,2018-04-01 06:25:41,py0CGvpgdd,
3,2019-06-07 17:44:51,ompN86qjoJ,
4,2014-02-06 20:55:52,tvAoHmU2UD,
5,2000-04-04 06:02:12,PftZwqj5V7,
6,2004-01-09 14:43:03,yextYrMcnZ,
7,2006-08-12 13:39:26,Ma8FXyiaWl,
8,2016-09-21 03:22:33,5qE5hYFJKG,
9,2002-02-12 01:27:35,vMSEmofvsB,
10,2006-12-16 09:04:22,fpnNWhenag,
11,2007-03-19 08:09:37,T4GHgC99Ye,
12,2000-11-30 22:13:12,aEeZykDqEI,
13,2019-01-29 09:22:21,Q8QcHwC1eC,
14,2019-03-30 00:43:51,2HUTOhsZs3,
15,2015-10-28 14:26:24,X6PNAE4yfB,
16,2008-04-16 14:38:19,YAI6qxNlLd,
17,2002-12-21 12:08:40,RMqTrkuo3U,
18,2000-02-12 07:56:38,UNFEDn1e2J,
19,2015-02-03 03:00:23,e6vx2zYA72,
20,2005-08-12 01:59:44,btlfpvOo9x,
21,2021-04-12 16:22:21,GqjeMkJgze,
22,2019-01-12 08:35:16,DWxtgmffDx,
23,2017-05-25 11:52:24,YzonNwqgX3,
24,2017-05-15 09:26:30,k0r4vlu8ee,
25,2007-09-24 05:47:58,nATibA6Vs5,
26,2005-07-08 22:46:21,S5PEuKMohf,
27,2008-07-07 10:16:39,c92VuMlJeF,
28,2002-08-18 20:23:10,0nxB8fjNy1,
29,2001-04-28 18:53:48,MFK42kGeIY,
30,2014-06-29 16:09:30,tRgm1iy8qx,
31,2004-04-26 22:36:31,0Cmp2jUKhK,
32,2002-07-06 17:07:46,tDF5EtgdmV,
33,2003-03-06 05:21:25,yOTBQb1IwQ,
34,2007-03-09 10:41:20,uPSvhbm55r,
35,2022-07-12 14:32:00,sPOqcDcl87,
36,2007-10-22 07:45:44,mbWExb5qPJ,
37,2007-11-13 14:43:54,qm6tfsvH3J,
38,2010-08-27 11:28:50,UslqWlzIhE,
39,2002-12-29 13:24:05,jB1bItoyLs,
40,2014-01-29 16:54:37,Yxqu09z7eH,
41,2021-01-12 11:46:16,mK9Ks0GXKr,
42,2001-11-06 09:12:36,gJ35bOa3f1,
43,2005-12-22 04:58:51,UEeLXOHpRI,
44,2015-09-02 16:21:36,vcDa3iwtVk,
45,2012-05-18 21:41:23,FPqibRkssR,
46,2000-10-15 13:41:17,QFxFOeDJg8,
47,2013-12-31 09:39:18,LWy0AlpuSs,
48,2002-02-24 03:02:11,EelRWoYhNW,
49,2014-11-15 23:39:51,34Eu8DlY5d,
50,2021-04-12 04:21:56,EBpgVsVByT,
51,2016-02-27 14:45:54,Btlvj2btIO,
52,2005-12-28 19:12:27,16rQs82Mti,
53,2016-03-30 18:28:43,jrHNKp5gM0,
54,2005-06-14 07:23:33,BMYShhzqgx,
55,2014-04-26 05:20:30,s5DymfSN6C,
56,2010-12-16 23:12:52,hZtpRPYpqL,
57,2007-06-29 03:22:19,I89Fn2nnyB,
58,2014-10-29 05:43:19,Y3K4yUP2lY,
59,2021-06-28 16:11:48,3oVKiP1tOi,
60,2005-04-29 18:53:08,uWDj8fH9Og,
61,2017-07-20 13:33:36,VoOH2sqL8P,
62,2019-04-24 01:31:53,7nSjLxYfZf,
63,2010-11-12 05:07:03,DWfyCS7J6d,
64,2011-12-14 18:59:01,Auf8EkFmv7,
65,2013-08-18 08:40:34,rl9I2jkIat,
66,2006-11-15 07:11:43,PQPqzvaEwa,
67,2017-02-16 05:53:39,8c40v6SjwO,
68,2001-10-07 02:42:09,mKUgFnjZWV,
69,2021-06-09 05:02:15,wLa7FJrBZY,
70,2003-11-05 14:29:01,k83M3lPZsX,
71,2008-01-11 17:55:44,UVTtlzuxBA,
72,2018-04-28 02:38:31,to7Em4Oiff,
73,2010-07-01 00:06:42,i6JIyY8OnP,
74,2004-10-03 08:45:16,m3j8XUwmPy,
75,2008-05-01 01:18:45,VKjSoAMWLJ,
76,2020-08-01 15:16:57,2pGgFmtVhw,
77,2006-02-27 15:34:19,1GkeU5LmwJ,
78,2004-09-09 07:52:54,t2FvbPTPrQ,
79,2018-12-23 20:54:30,cAwqQPdYuE,
80,2010-01-19 20:06:34,1ZVaSnhwL1,
81,2003-08-02 07:03:57,FiuROTVFX1,
82,2004-05-15 15:13:35,9701uqGFzE,
83,2016-02-25 23:34:30,Os1j52OLjP,
84,2015-03-21 03:54:27,UBbSvCsgqC,
85,2011-02-03 05:28:44,wE0AqdYmbD,
86,2018-05-16 10:30:41,frpB4Uunrk,
87,2010-11-09 17:11:25,eQNQO6OrLW,
88,2021-01-30 02:08:47,bgbLEg552V,
89,2000-09-12 21:48:47,1Hf4y5GjYf,
90,2008-11-15 08:09:35,8K5hwy8L3N,
91,2016-05-08 02:19:07,W1q2xBfajJ,
92,2010-04-13 12:12:25,U8JegZ5sO8,
93,2008-11-03 05:16:41,YoA66h58pc,
94,2012-05-31 20:43:50,3Pj3XdGuwO,
95,2001-08-05 06:20:24,PkLE2heNEp,
96,2022-05-06 07:41:09,YUuGJvbw8f,
97,2003-10-19 15:27:25,fMjEK7WHwd,
98,2009-07-08 08:22:46,ntFMCqmd3V,
100,2013-07-24 12:23:19,ZIQ7OscUQ0,
